id;uuid;name;birthday;identity_card_number;vaccination_number;first_vaccination_date;second_vaccination_date;country;adress
1;d6b8ce02-a0e7-41a2-9f30-cf91143e4026;input invoice Account;2022-01-19;Associate Berkshire projection;FIRST;2022-01-20T04:36:00;2022-01-20T13:43:07;EGYPT;TCP Ball
2;2c17a58c-7bf0-4f77-b47b-ecd39ccf73ef;Object-based;2022-01-20;Rupiah Awesome;FIRST;2022-01-20T10:20:02;2022-01-20T04:47:09;ALGERIA;open-source bluetooth
3;5c0d7ea6-c69c-4209-9c81-ff9e70d18b89;of Tonga;2022-01-20;cross-platform Fish;FIRST;2022-01-20T08:27:49;2022-01-20T03:13:16;TUNISIA;portals
4;a659537f-9a36-421b-b4f6-60f08dac4a83;Comoro Directives;2022-01-20;portal Mission Auto;SECOND;2022-01-20T12:53:55;2022-01-19T20:57:27;ALGERIA;Granite Loan Lebanon
5;42cc4286-9214-432e-b492-3b8f67f92bfc;maroon Pennsylvania;2022-01-20;Ergonomic SMS;SECOND;2022-01-20T17:52:58;2022-01-20T04:51:21;TUNISIA;Pound
6;251e91f8-1773-4e72-afbf-a5a897a5e5da;functionalities calculate Operations;2022-01-20;Representative Officer Implementation;FIRST;2022-01-20T01:00:20;2022-01-20T18:11:59;ALGERIA;methodology invoice Customer
7;8d6f6996-9a13-4773-a308-099ca46e92a7;Rial;2022-01-20;Square;FIRST;2022-01-20T00:39:49;2022-01-20T15:32:33;EGYPT;dynamic Architect Lead
8;9194264f-aa8f-49db-9fa0-82753785e469;Ergonomic bandwidth;2022-01-19;Rustic;FIRST;2022-01-20T02:29:50;2022-01-19T20:27:11;EGYPT;Frozen
9;09af37a7-fb51-45ab-a30b-96e11e2713fb;withdrawal;2022-01-19;Overpass solid;SECOND;2022-01-20T03:21:30;2022-01-19T19:50:55;ALGERIA;Intelligent
10;da22d837-abd7-40bf-877a-d80225e8986f;Chicken evolve;2022-01-20;primary Buckinghamshire Customer;FIRST;2022-01-20T06:38:47;2022-01-19T21:36:51;TUNISIA;Sleek Facilitator cross-platform
